Name,Slug
Legislação,legislacao
Licitação,licitacao
Gestão Pública,gestao-publica
Tecnologia,tecnologia
Compliance,compliance
IA em Compras Públicas,ia-compras-publicas
Jurisprudência,jurisprudencia
Guias Práticos,guias-praticos
TCU,tcu
TCE,tce
CGU,cgu
PNCP,pncp
Pesquisa de Preços,pesquisa-de-precos
Governança,governanca
Fiscalização,fiscalizacao
Transparência,transparencia
Lei 14.133,lei-14133
Planejamento,planejamento
ETP,etp
DFD,dfd
LGPD,lgpd
Inteligência Artificial,inteligencia-artificial
Ações do Governo,acoes-do-governo
Fornecedores,fornecedores
ME/EPP,me-epp
Emendas Parlamentares,emendas-parlamentares
Reforma Tributária,reforma-tributaria
Credenciamento,credenciamento
SICAF,sicaf
Transferegov,transferegov
Convênios,convenios
Multas e Sanções,multas-e-sancoes
Servidor Público,servidor-publico